scenario,horizon_years,fold,model,candidate,validation_brier
null_alpha,3,1,profitability_logit,C=0.01,0.0178351561954075
null_alpha,3,1,profitability_logit,C=0.1,0.0178511232388844
null_alpha,3,1,profitability_logit,C=1,0.0178562207409104
null_alpha,3,1,profitability_logit,C=10,0.0178568279818754
null_alpha,3,1,distress_logit,C=0.01,0.0178348117264177
null_alpha,3,1,distress_logit,C=0.1,0.0178750174830271
null_alpha,3,1,distress_logit,C=1,0.0178938590406205
null_alpha,3,1,distress_logit,C=10,0.0178977452617373
null_alpha,3,1,industry_rate,sic2_smoothed_rate,0.0179421960135077
null_alpha,3,1,occupied_cell_rate,training_tertile_729_cell_rate,0.0179217757341999
null_alpha,3,1,relative_axes_logit,C=0.01,0.0178298824310474
null_alpha,3,1,relative_axes_logit,C=0.1,0.0178400002661856
null_alpha,3,1,relative_axes_logit,C=1,0.0178428610236877
null_alpha,3,1,relative_axes_logit,C=10,0.0178431946308494
null_alpha,3,1,combined_axes_logit,C=0.01,0.0178317050702823
null_alpha,3,1,combined_axes_logit,C=0.1,0.0178370612835422
null_alpha,3,1,combined_axes_logit,C=1,0.0178411354374333
null_alpha,3,1,combined_axes_logit,C=10,0.0178431581435132
null_alpha,3,1,hist_gradient_boosting,fixed_constrained_tree,0.0181379421737481
null_alpha,3,2,profitability_logit,C=0.01,0.018859967572788
null_alpha,3,2,profitability_logit,C=0.1,0.0188595969363359
null_alpha,3,2,profitability_logit,C=1,0.0188597421623804
null_alpha,3,2,profitability_logit,C=10,0.0188597617611626
null_alpha,3,2,distress_logit,C=0.01,0.0188675437259872
null_alpha,3,2,distress_logit,C=0.1,0.0188888748650347
null_alpha,3,2,distress_logit,C=1,0.0188973741131051
null_alpha,3,2,distress_logit,C=10,0.0188998301258774
null_alpha,3,2,industry_rate,sic2_smoothed_rate,0.0188562397608226
null_alpha,3,2,occupied_cell_rate,training_tertile_729_cell_rate,0.0191021190695461
null_alpha,3,2,relative_axes_logit,C=0.01,0.0188692355423849
null_alpha,3,2,relative_axes_logit,C=0.1,0.0188825801451506
null_alpha,3,2,relative_axes_logit,C=1,0.0188866256231355
null_alpha,3,2,relative_axes_logit,C=10,0.0188872765446571
null_alpha,3,2,combined_axes_logit,C=0.01,0.0188771619909026
null_alpha,3,2,combined_axes_logit,C=0.1,0.0188897374753307
null_alpha,3,2,combined_axes_logit,C=1,0.0188886023147654
null_alpha,3,2,combined_axes_logit,C=10,0.0188877620837214
null_alpha,3,2,hist_gradient_boosting,fixed_constrained_tree,0.0190512498914498
null_alpha,3,3,profitability_logit,C=0.01,0.0208297870113353
null_alpha,3,3,profitability_logit,C=0.1,0.0208207929596994
null_alpha,3,3,profitability_logit,C=1,0.020819592318109
null_alpha,3,3,profitability_logit,C=10,0.0208194707986452
null_alpha,3,3,distress_logit,C=0.01,0.0208328167609465
null_alpha,3,3,distress_logit,C=0.1,0.0208268708596192
null_alpha,3,3,distress_logit,C=1,0.0208262973710823
null_alpha,3,3,distress_logit,C=10,0.0208262410927536
null_alpha,3,3,industry_rate,sic2_smoothed_rate,0.0209478471488276
null_alpha,3,3,occupied_cell_rate,training_tertile_729_cell_rate,0.0210115361048111
null_alpha,3,3,relative_axes_logit,C=0.01,0.0208763024199516
null_alpha,3,3,relative_axes_logit,C=0.1,0.0208882292040917
null_alpha,3,3,relative_axes_logit,C=1,0.0208902883296427
null_alpha,3,3,relative_axes_logit,C=10,0.0208905083441022
null_alpha,3,3,combined_axes_logit,C=0.01,0.020891753673019
null_alpha,3,3,combined_axes_logit,C=0.1,0.0209040081955242
null_alpha,3,3,combined_axes_logit,C=1,0.020904779408982
null_alpha,3,3,combined_axes_logit,C=10,0.0209062724537848
null_alpha,3,3,hist_gradient_boosting,fixed_constrained_tree,0.020878315425306
null_alpha,3,4,profitability_logit,C=0.01,0.021098413754059
null_alpha,3,4,profitability_logit,C=0.1,0.0210995890339532
null_alpha,3,4,profitability_logit,C=1,0.021099776246988
null_alpha,3,4,profitability_logit,C=10,0.02109979605712
null_alpha,3,4,distress_logit,C=0.01,0.0210924752559164
null_alpha,3,4,distress_logit,C=0.1,0.0210928787753963
null_alpha,3,4,distress_logit,C=1,0.0210929922436245
null_alpha,3,4,distress_logit,C=10,0.0210930046700831
null_alpha,3,4,industry_rate,sic2_smoothed_rate,0.0211347309934578
null_alpha,3,4,occupied_cell_rate,training_tertile_729_cell_rate,0.0212468239864352
null_alpha,3,4,relative_axes_logit,C=0.01,0.0211011548914381
null_alpha,3,4,relative_axes_logit,C=0.1,0.0211003757995601
null_alpha,3,4,relative_axes_logit,C=1,0.0211002898044615
null_alpha,3,4,relative_axes_logit,C=10,0.0211002813297931
null_alpha,3,4,combined_axes_logit,C=0.01,0.021099746565653
null_alpha,3,4,combined_axes_logit,C=0.1,0.021097226537162
null_alpha,3,4,combined_axes_logit,C=1,0.021095706331189
null_alpha,3,4,combined_axes_logit,C=10,0.0210987471246768
null_alpha,3,4,hist_gradient_boosting,fixed_constrained_tree,0.0211109297847521
null_alpha,5,1,profitability_logit,C=0.01,0.0271098770525944
null_alpha,5,1,profitability_logit,C=0.1,0.0271762969193686
null_alpha,5,1,profitability_logit,C=1,0.0271926372323976
null_alpha,5,1,profitability_logit,C=10,0.0271944366907435
null_alpha,5,1,distress_logit,C=0.01,0.0270587719803547
null_alpha,5,1,distress_logit,C=0.1,0.0270820056923323
null_alpha,5,1,distress_logit,C=1,0.0270958418396884
null_alpha,5,1,distress_logit,C=10,0.0270987452866482
null_alpha,5,1,industry_rate,sic2_smoothed_rate,0.0277292519635024
null_alpha,5,1,occupied_cell_rate,training_tertile_729_cell_rate,0.0272591252559873
null_alpha,5,1,relative_axes_logit,C=0.01,0.0270913467423945
null_alpha,5,1,relative_axes_logit,C=0.1,0.0271645011828551
null_alpha,5,1,relative_axes_logit,C=1,0.0271870013805625
null_alpha,5,1,relative_axes_logit,C=10,0.0271899450424167
null_alpha,5,1,combined_axes_logit,C=0.01,0.027099400233642
null_alpha,5,1,combined_axes_logit,C=0.1,0.027160179119632
null_alpha,5,1,combined_axes_logit,C=1,0.0272082066114108
null_alpha,5,1,combined_axes_logit,C=10,0.0272269525475209
null_alpha,5,1,hist_gradient_boosting,fixed_constrained_tree,0.027965823135503
null_alpha,5,2,profitability_logit,C=0.01,0.0322241402446086
null_alpha,5,2,profitability_logit,C=0.1,0.0322441354750299
null_alpha,5,2,profitability_logit,C=1,0.0322486792870389
null_alpha,5,2,profitability_logit,C=10,0.0322491851976724
null_alpha,5,2,distress_logit,C=0.01,0.0322957750997942
null_alpha,5,2,distress_logit,C=0.1,0.0324431113098065
null_alpha,5,2,distress_logit,C=1,0.0324764231496353
null_alpha,5,2,distress_logit,C=10,0.0324805270491055
null_alpha,5,2,industry_rate,sic2_smoothed_rate,0.0322814344573963
null_alpha,5,2,occupied_cell_rate,training_tertile_729_cell_rate,0.0324552212110806
null_alpha,5,2,relative_axes_logit,C=0.01,0.0322449772427685
null_alpha,5,2,relative_axes_logit,C=0.1,0.0322821306045462
null_alpha,5,2,relative_axes_logit,C=1,0.0322908189427562
null_alpha,5,2,relative_axes_logit,C=10,0.0322918142101871
null_alpha,5,2,combined_axes_logit,C=0.01,0.0322464545997396
null_alpha,5,2,combined_axes_logit,C=0.1,0.0322810545377406
null_alpha,5,2,combined_axes_logit,C=1,0.0323117389316073
null_alpha,5,2,combined_axes_logit,C=10,0.0323239578905235
null_alpha,5,2,hist_gradient_boosting,fixed_constrained_tree,0.0333152208627343
null_alpha,5,3,profitability_logit,C=0.01,0.0333420226849001
null_alpha,5,3,profitability_logit,C=0.1,0.0333222269692373
null_alpha,5,3,profitability_logit,C=1,0.0333197659688922
null_alpha,5,3,profitability_logit,C=10,0.0333195169439192
null_alpha,5,3,distress_logit,C=0.01,0.0333612824982344
null_alpha,5,3,distress_logit,C=0.1,0.0333625377817518
null_alpha,5,3,distress_logit,C=1,0.0333607093190401
null_alpha,5,3,distress_logit,C=10,0.0333605596923449
null_alpha,5,3,industry_rate,sic2_smoothed_rate,0.0335707150999601
null_alpha,5,3,occupied_cell_rate,training_tertile_729_cell_rate,0.033707437011586
null_alpha,5,3,relative_axes_logit,C=0.01,0.0334692579970124
null_alpha,5,3,relative_axes_logit,C=0.1,0.0335101143936289
null_alpha,5,3,relative_axes_logit,C=1,0.0335171720589536
null_alpha,5,3,relative_axes_logit,C=10,0.033517930144386
null_alpha,5,3,combined_axes_logit,C=0.01,0.0335016804668462
null_alpha,5,3,combined_axes_logit,C=0.1,0.0334998968211094
null_alpha,5,3,combined_axes_logit,C=1,0.0335073682074145
null_alpha,5,3,combined_axes_logit,C=10,0.0335084263487543
null_alpha,5,3,hist_gradient_boosting,fixed_constrained_tree,0.0338926192088723
null_alpha,5,4,profitability_logit,C=0.01,0.0343789498181577
null_alpha,5,4,profitability_logit,C=0.1,0.034370031287609
null_alpha,5,4,profitability_logit,C=1,0.0343690303084162
null_alpha,5,4,profitability_logit,C=10,0.0343689294501688
null_alpha,5,4,distress_logit,C=0.01,0.0343478369872516
null_alpha,5,4,distress_logit,C=0.1,0.0343452811845923
null_alpha,5,4,distress_logit,C=1,0.0343493535481079
null_alpha,5,4,distress_logit,C=10,0.0343501192292778
null_alpha,5,4,industry_rate,sic2_smoothed_rate,0.0346266190036512
null_alpha,5,4,occupied_cell_rate,training_tertile_729_cell_rate,0.0346608785367982
null_alpha,5,4,relative_axes_logit,C=0.01,0.0344839131851344
null_alpha,5,4,relative_axes_logit,C=0.1,0.0345042812887133
null_alpha,5,4,relative_axes_logit,C=1,0.0345071781145207
null_alpha,5,4,relative_axes_logit,C=10,0.0345074785792784
null_alpha,5,4,combined_axes_logit,C=0.01,0.0344946394890029
null_alpha,5,4,combined_axes_logit,C=0.1,0.0345249418290686
null_alpha,5,4,combined_axes_logit,C=1,0.0345457412621774
null_alpha,5,4,combined_axes_logit,C=10,0.034547566853142
null_alpha,5,4,hist_gradient_boosting,fixed_constrained_tree,0.034532385105741
migration_alpha,3,1,profitability_logit,C=0.01,0.0206269534590942
migration_alpha,3,1,profitability_logit,C=0.1,0.0205991788539779
migration_alpha,3,1,profitability_logit,C=1,0.0205944175770458
migration_alpha,3,1,profitability_logit,C=10,0.0205939100743672
migration_alpha,3,1,distress_logit,C=0.01,0.0206612966351045
migration_alpha,3,1,distress_logit,C=0.1,0.020677413957709
migration_alpha,3,1,distress_logit,C=1,0.0206803217824524
migration_alpha,3,1,distress_logit,C=10,0.0206814060685644
migration_alpha,3,1,industry_rate,sic2_smoothed_rate,0.0209575413108123
migration_alpha,3,1,occupied_cell_rate,training_tertile_729_cell_rate,0.0208531811931205
migration_alpha,3,1,relative_axes_logit,C=0.01,0.0207109173114017
migration_alpha,3,1,relative_axes_logit,C=0.1,0.0207932217484634
migration_alpha,3,1,relative_axes_logit,C=1,0.0208129080359854
migration_alpha,3,1,relative_axes_logit,C=10,0.020815247240025
migration_alpha,3,1,combined_axes_logit,C=0.01,0.0206959611844747
migration_alpha,3,1,combined_axes_logit,C=0.1,0.0207828730393287
migration_alpha,3,1,combined_axes_logit,C=1,0.0208577755521868
migration_alpha,3,1,combined_axes_logit,C=10,0.0208770460518824
migration_alpha,3,1,hist_gradient_boosting,fixed_constrained_tree,0.0217605603770821
migration_alpha,3,2,profitability_logit,C=0.01,0.0205812722622858
migration_alpha,3,2,profitability_logit,C=0.1,0.0205715632311127
migration_alpha,3,2,profitability_logit,C=1,0.0205705162003587
migration_alpha,3,2,profitability_logit,C=10,0.0205704132890324
migration_alpha,3,2,distress_logit,C=0.01,0.0206138198641249
migration_alpha,3,2,distress_logit,C=0.1,0.0206130503734806
migration_alpha,3,2,distress_logit,C=1,0.0206253016848163
migration_alpha,3,2,distress_logit,C=10,0.0206290494663578
migration_alpha,3,2,industry_rate,sic2_smoothed_rate,0.0207215433018825
migration_alpha,3,2,occupied_cell_rate,training_tertile_729_cell_rate,0.0207834548946132
migration_alpha,3,2,relative_axes_logit,C=0.01,0.0205621956040822
migration_alpha,3,2,relative_axes_logit,C=0.1,0.02054505824875
migration_alpha,3,2,relative_axes_logit,C=1,0.0205427845991404
migration_alpha,3,2,relative_axes_logit,C=10,0.0205425650082548
migration_alpha,3,2,combined_axes_logit,C=0.01,0.020556017826747
migration_alpha,3,2,combined_axes_logit,C=0.1,0.0205397371217506
migration_alpha,3,2,combined_axes_logit,C=1,0.020536513640582
migration_alpha,3,2,combined_axes_logit,C=10,0.0205363574623124
migration_alpha,3,2,hist_gradient_boosting,fixed_constrained_tree,0.0210084431890694
migration_alpha,3,3,profitability_logit,C=0.01,0.0204002478520093
migration_alpha,3,3,profitability_logit,C=0.1,0.0204126436626641
migration_alpha,3,3,profitability_logit,C=1,0.0204146910904357
migration_alpha,3,3,profitability_logit,C=10,0.0204149096138566
migration_alpha,3,3,distress_logit,C=0.01,0.0203971899260685
migration_alpha,3,3,distress_logit,C=0.1,0.0204204186494403
migration_alpha,3,3,distress_logit,C=1,0.0204262390877035
migration_alpha,3,3,distress_logit,C=10,0.0204274392561483
migration_alpha,3,3,industry_rate,sic2_smoothed_rate,0.020448456849842
migration_alpha,3,3,occupied_cell_rate,training_tertile_729_cell_rate,0.0206190619400862
migration_alpha,3,3,relative_axes_logit,C=0.01,0.0204172356568471
migration_alpha,3,3,relative_axes_logit,C=0.1,0.0204510449904072
migration_alpha,3,3,relative_axes_logit,C=1,0.0204574441140123
migration_alpha,3,3,relative_axes_logit,C=10,0.0204581457744323
migration_alpha,3,3,combined_axes_logit,C=0.01,0.0204287522293769
migration_alpha,3,3,combined_axes_logit,C=0.1,0.0204514348599577
migration_alpha,3,3,combined_axes_logit,C=1,0.0204572220008552
migration_alpha,3,3,combined_axes_logit,C=10,0.0204578972404021
migration_alpha,3,3,hist_gradient_boosting,fixed_constrained_tree,0.0204638105990577
migration_alpha,3,4,profitability_logit,C=0.01,0.022145808812366
migration_alpha,3,4,profitability_logit,C=0.1,0.0221376064087097
migration_alpha,3,4,profitability_logit,C=1,0.0221367161807742
migration_alpha,3,4,profitability_logit,C=10,0.0221366267509986
migration_alpha,3,4,distress_logit,C=0.01,0.0221455851206964
migration_alpha,3,4,distress_logit,C=0.1,0.0221440664782788
migration_alpha,3,4,distress_logit,C=1,0.0221455900019246
migration_alpha,3,4,distress_logit,C=10,0.0221459438012081
migration_alpha,3,4,industry_rate,sic2_smoothed_rate,0.0222501923760689
migration_alpha,3,4,occupied_cell_rate,training_tertile_729_cell_rate,0.0223413718212845
migration_alpha,3,4,relative_axes_logit,C=0.01,0.0221525164926216
migration_alpha,3,4,relative_axes_logit,C=0.1,0.0221464129629739
migration_alpha,3,4,relative_axes_logit,C=1,0.0221460953575294
migration_alpha,3,4,relative_axes_logit,C=10,0.0221460939760199
migration_alpha,3,4,combined_axes_logit,C=0.01,0.022158557333758
migration_alpha,3,4,combined_axes_logit,C=0.1,0.0221804234770803
migration_alpha,3,4,combined_axes_logit,C=1,0.0221964930868085
migration_alpha,3,4,combined_axes_logit,C=10,0.0221972605430944
migration_alpha,3,4,hist_gradient_boosting,fixed_constrained_tree,0.0222863546958034
migration_alpha,5,1,profitability_logit,C=0.01,0.0346313256385492
migration_alpha,5,1,profitability_logit,C=0.1,0.0345839796282641
migration_alpha,5,1,profitability_logit,C=1,0.0345854516900921
migration_alpha,5,1,profitability_logit,C=10,0.0345859104553954
migration_alpha,5,1,distress_logit,C=0.01,0.0347274478168015
migration_alpha,5,1,distress_logit,C=0.1,0.0348568324052265
migration_alpha,5,1,distress_logit,C=1,0.0349058075508046
migration_alpha,5,1,distress_logit,C=10,0.034912473468249
migration_alpha,5,1,industry_rate,sic2_smoothed_rate,0.0362986185149671
migration_alpha,5,1,occupied_cell_rate,training_tertile_729_cell_rate,0.035209690106818
migration_alpha,5,1,relative_axes_logit,C=0.01,0.0347210199122518
migration_alpha,5,1,relative_axes_logit,C=0.1,0.0348409020955231
migration_alpha,5,1,relative_axes_logit,C=1,0.0349112188685543
migration_alpha,5,1,relative_axes_logit,C=10,0.0349213572616563
migration_alpha,5,1,combined_axes_logit,C=0.01,0.0346704765738717
migration_alpha,5,1,combined_axes_logit,C=0.1,0.0347365063015117
migration_alpha,5,1,combined_axes_logit,C=1,0.034828522907354
migration_alpha,5,1,combined_axes_logit,C=10,0.0348649923403601
migration_alpha,5,1,hist_gradient_boosting,fixed_constrained_tree,0.036123099941506
migration_alpha,5,2,profitability_logit,C=0.01,0.0346864540653516
migration_alpha,5,2,profitability_logit,C=0.1,0.034683944532546
migration_alpha,5,2,profitability_logit,C=1,0.0346841515879091
migration_alpha,5,2,profitability_logit,C=10,0.0346841786698991
migration_alpha,5,2,distress_logit,C=0.01,0.0347131494806439
migration_alpha,5,2,distress_logit,C=0.1,0.0347611129368159
migration_alpha,5,2,distress_logit,C=1,0.0347886665690347
migration_alpha,5,2,distress_logit,C=10,0.0347946301516879
migration_alpha,5,2,industry_rate,sic2_smoothed_rate,0.0352819934173117
migration_alpha,5,2,occupied_cell_rate,training_tertile_729_cell_rate,0.0348614513486122
migration_alpha,5,2,relative_axes_logit,C=0.01,0.0347544837314771
migration_alpha,5,2,relative_axes_logit,C=0.1,0.0348234398701824
migration_alpha,5,2,relative_axes_logit,C=1,0.0348368483486007
migration_alpha,5,2,relative_axes_logit,C=10,0.0348383226861526
migration_alpha,5,2,combined_axes_logit,C=0.01,0.0347816174556617
migration_alpha,5,2,combined_axes_logit,C=0.1,0.034834563727844
migration_alpha,5,2,combined_axes_logit,C=1,0.0348627499993692
migration_alpha,5,2,combined_axes_logit,C=10,0.034871180467814
migration_alpha,5,2,hist_gradient_boosting,fixed_constrained_tree,0.0360918679209479
migration_alpha,5,3,profitability_logit,C=0.01,0.0316291679188771
migration_alpha,5,3,profitability_logit,C=0.1,0.0316444021990942
migration_alpha,5,3,profitability_logit,C=1,0.0316465082336065
migration_alpha,5,3,profitability_logit,C=10,0.0316467283219222
migration_alpha,5,3,distress_logit,C=0.01,0.0316304009321935
migration_alpha,5,3,distress_logit,C=0.1,0.0316380386259709
migration_alpha,5,3,distress_logit,C=1,0.0316420833677194
migration_alpha,5,3,distress_logit,C=10,0.0316430378557263
migration_alpha,5,3,industry_rate,sic2_smoothed_rate,0.0317563623735033
migration_alpha,5,3,occupied_cell_rate,training_tertile_729_cell_rate,0.031901831859621
migration_alpha,5,3,relative_axes_logit,C=0.01,0.0316514858608254
migration_alpha,5,3,relative_axes_logit,C=0.1,0.0316802502992
migration_alpha,5,3,relative_axes_logit,C=1,0.0316850108257917
migration_alpha,5,3,relative_axes_logit,C=10,0.0316855226010151
migration_alpha,5,3,combined_axes_logit,C=0.01,0.0316646481255038
migration_alpha,5,3,combined_axes_logit,C=0.1,0.0316764996551457
migration_alpha,5,3,combined_axes_logit,C=1,0.0316752530257276
migration_alpha,5,3,combined_axes_logit,C=10,0.0316760572192572
migration_alpha,5,3,hist_gradient_boosting,fixed_constrained_tree,0.0318415568874073
migration_alpha,5,4,profitability_logit,C=0.01,0.0377885403559438
migration_alpha,5,4,profitability_logit,C=0.1,0.037782357277083
migration_alpha,5,4,profitability_logit,C=1,0.0377818310575426
migration_alpha,5,4,profitability_logit,C=10,0.0377817794626872
migration_alpha,5,4,distress_logit,C=0.01,0.0377863353047328
migration_alpha,5,4,distress_logit,C=0.1,0.0377987998416542
migration_alpha,5,4,distress_logit,C=1,0.0378051968649462
migration_alpha,5,4,distress_logit,C=10,0.0378040708356393
migration_alpha,5,4,industry_rate,sic2_smoothed_rate,0.0379794988147928
migration_alpha,5,4,occupied_cell_rate,training_tertile_729_cell_rate,0.0381712144023215
migration_alpha,5,4,relative_axes_logit,C=0.01,0.0378174070260896
migration_alpha,5,4,relative_axes_logit,C=0.1,0.0378197371849695
migration_alpha,5,4,relative_axes_logit,C=1,0.037820595687038
migration_alpha,5,4,relative_axes_logit,C=10,0.0378206919248033
migration_alpha,5,4,combined_axes_logit,C=0.01,0.0378307533753948
migration_alpha,5,4,combined_axes_logit,C=0.1,0.0378657106881539
migration_alpha,5,4,combined_axes_logit,C=1,0.0378790437268978
migration_alpha,5,4,combined_axes_logit,C=10,0.037880822814647
migration_alpha,5,4,hist_gradient_boosting,fixed_constrained_tree,0.038313395002153
regime_shift,3,1,profitability_logit,C=0.01,0.0195384197060167
regime_shift,3,1,profitability_logit,C=0.1,0.0195288920478307
regime_shift,3,1,profitability_logit,C=1,0.0195280711742028
regime_shift,3,1,profitability_logit,C=10,0.0195280702428196
regime_shift,3,1,distress_logit,C=0.01,0.0195713410764284
regime_shift,3,1,distress_logit,C=0.1,0.0195792734473135
regime_shift,3,1,distress_logit,C=1,0.019579523484347
regime_shift,3,1,distress_logit,C=10,0.0195797383618207
regime_shift,3,1,industry_rate,sic2_smoothed_rate,0.0198269912731213
regime_shift,3,1,occupied_cell_rate,training_tertile_729_cell_rate,0.0197495135494607
regime_shift,3,1,relative_axes_logit,C=0.01,0.0195729529402596
regime_shift,3,1,relative_axes_logit,C=0.1,0.019581654223646
regime_shift,3,1,relative_axes_logit,C=1,0.0195850798071758
regime_shift,3,1,relative_axes_logit,C=10,0.0195854081966262
regime_shift,3,1,combined_axes_logit,C=0.01,0.0195738952900312
regime_shift,3,1,combined_axes_logit,C=0.1,0.0195743168976444
regime_shift,3,1,combined_axes_logit,C=1,0.0195777917184244
regime_shift,3,1,combined_axes_logit,C=10,0.019582368397282
regime_shift,3,1,hist_gradient_boosting,fixed_constrained_tree,0.0198663101611318
regime_shift,3,2,profitability_logit,C=0.01,0.0248564773211296
regime_shift,3,2,profitability_logit,C=0.1,0.0248761334496542
regime_shift,3,2,profitability_logit,C=1,0.0248811112311995
regime_shift,3,2,profitability_logit,C=10,0.0248816801047524
regime_shift,3,2,distress_logit,C=0.01,0.0248483047223785
regime_shift,3,2,distress_logit,C=0.1,0.0248752067191818
regime_shift,3,2,distress_logit,C=1,0.0248833154341851
regime_shift,3,2,distress_logit,C=10,0.024884276606942
regime_shift,3,2,industry_rate,sic2_smoothed_rate,0.0248496570217477
regime_shift,3,2,occupied_cell_rate,training_tertile_729_cell_rate,0.02490923582546
regime_shift,3,2,relative_axes_logit,C=0.01,0.024850596050256
regime_shift,3,2,relative_axes_logit,C=0.1,0.0248661641344758
regime_shift,3,2,relative_axes_logit,C=1,0.0248708736185356
regime_shift,3,2,relative_axes_logit,C=10,0.0248714459899768
regime_shift,3,2,combined_axes_logit,C=0.01,0.0248467245727114
regime_shift,3,2,combined_axes_logit,C=0.1,0.0248576162315385
regime_shift,3,2,combined_axes_logit,C=1,0.0248594860275529
regime_shift,3,2,combined_axes_logit,C=10,0.0248587545719261
regime_shift,3,2,hist_gradient_boosting,fixed_constrained_tree,0.0250899568678327
regime_shift,3,3,profitability_logit,C=0.01,0.0200687330319123
regime_shift,3,3,profitability_logit,C=0.1,0.0200900826601971
regime_shift,3,3,profitability_logit,C=1,0.0200933018959294
regime_shift,3,3,profitability_logit,C=10,0.0200936449792731
regime_shift,3,3,distress_logit,C=0.01,0.0200602996755573
regime_shift,3,3,distress_logit,C=0.1,0.02009372452751
regime_shift,3,3,distress_logit,C=1,0.0201037353166668
regime_shift,3,3,distress_logit,C=10,0.0201044700985274
regime_shift,3,3,industry_rate,sic2_smoothed_rate,0.0201217693909877
regime_shift,3,3,occupied_cell_rate,training_tertile_729_cell_rate,0.020245511092417
regime_shift,3,3,relative_axes_logit,C=0.01,0.0200404528541489
regime_shift,3,3,relative_axes_logit,C=0.1,0.0200505042434233
regime_shift,3,3,relative_axes_logit,C=1,0.0200527260955184
regime_shift,3,3,relative_axes_logit,C=10,0.0200529762020953
regime_shift,3,3,combined_axes_logit,C=0.01,0.0200551136745827
regime_shift,3,3,combined_axes_logit,C=0.1,0.0200644510355995
regime_shift,3,3,combined_axes_logit,C=1,0.0200709701566582
regime_shift,3,3,combined_axes_logit,C=10,0.0200730635334677
regime_shift,3,3,hist_gradient_boosting,fixed_constrained_tree,0.0201775318010628
regime_shift,3,4,profitability_logit,C=0.01,0.0192793819370657
regime_shift,3,4,profitability_logit,C=0.1,0.0192810109233053
regime_shift,3,4,profitability_logit,C=1,0.0192813256907793
regime_shift,3,4,profitability_logit,C=10,0.0192813582628273
regime_shift,3,4,distress_logit,C=0.01,0.0192777704050778
regime_shift,3,4,distress_logit,C=0.1,0.0192825692065866
regime_shift,3,4,distress_logit,C=1,0.0192833365374003
regime_shift,3,4,distress_logit,C=10,0.0192834182918108
regime_shift,3,4,industry_rate,sic2_smoothed_rate,0.0192752298168514
regime_shift,3,4,occupied_cell_rate,training_tertile_729_cell_rate,0.0194350185612611
regime_shift,3,4,relative_axes_logit,C=0.01,0.0192608719078863
regime_shift,3,4,relative_axes_logit,C=0.1,0.0192598177220015
regime_shift,3,4,relative_axes_logit,C=1,0.0192598342445366
regime_shift,3,4,relative_axes_logit,C=10,0.0192598390006298
regime_shift,3,4,combined_axes_logit,C=0.01,0.0192682276799443
regime_shift,3,4,combined_axes_logit,C=0.1,0.0192940008774994
regime_shift,3,4,combined_axes_logit,C=1,0.0193083546917108
regime_shift,3,4,combined_axes_logit,C=10,0.0193120592328063
regime_shift,3,4,hist_gradient_boosting,fixed_constrained_tree,0.019323255974108
regime_shift,5,1,profitability_logit,C=0.01,0.0285624290565603
regime_shift,5,1,profitability_logit,C=0.1,0.0285678285969922
regime_shift,5,1,profitability_logit,C=1,0.0285710075211337
regime_shift,5,1,profitability_logit,C=10,0.0285713709390928
regime_shift,5,1,distress_logit,C=0.01,0.0286645905894857
regime_shift,5,1,distress_logit,C=0.1,0.0287543893458568
regime_shift,5,1,distress_logit,C=1,0.0287715942278091
regime_shift,5,1,distress_logit,C=10,0.0287739630535036
regime_shift,5,1,industry_rate,sic2_smoothed_rate,0.029631228504808
regime_shift,5,1,occupied_cell_rate,training_tertile_729_cell_rate,0.0290212593757696
regime_shift,5,1,relative_axes_logit,C=0.01,0.0286251403700452
regime_shift,5,1,relative_axes_logit,C=0.1,0.0287357522463486
regime_shift,5,1,relative_axes_logit,C=1,0.0287682306820236
regime_shift,5,1,relative_axes_logit,C=10,0.0287705172679188
regime_shift,5,1,combined_axes_logit,C=0.01,0.0286888083953762
regime_shift,5,1,combined_axes_logit,C=0.1,0.0288232882423587
regime_shift,5,1,combined_axes_logit,C=1,0.0289645950731072
regime_shift,5,1,combined_axes_logit,C=10,0.0290366892922702
regime_shift,5,1,hist_gradient_boosting,fixed_constrained_tree,0.0298532822202378
regime_shift,5,2,profitability_logit,C=0.01,0.0406807868067531
regime_shift,5,2,profitability_logit,C=0.1,0.0407254303088888
regime_shift,5,2,profitability_logit,C=1,0.0407342914940678
regime_shift,5,2,profitability_logit,C=10,0.0407352513637472
regime_shift,5,2,distress_logit,C=0.01,0.0406574269388663
regime_shift,5,2,distress_logit,C=0.1,0.0407027668593029
regime_shift,5,2,distress_logit,C=1,0.0407168476353019
regime_shift,5,2,distress_logit,C=10,0.0407184581899751
regime_shift,5,2,industry_rate,sic2_smoothed_rate,0.0409177256436169
regime_shift,5,2,occupied_cell_rate,training_tertile_729_cell_rate,0.0408283891973207
regime_shift,5,2,relative_axes_logit,C=0.01,0.040694780298962
regime_shift,5,2,relative_axes_logit,C=0.1,0.0407497393653066
regime_shift,5,2,relative_axes_logit,C=1,0.04076515006393
regime_shift,5,2,relative_axes_logit,C=10,0.0407669848786513
regime_shift,5,2,combined_axes_logit,C=0.01,0.040693086363815
regime_shift,5,2,combined_axes_logit,C=0.1,0.0407112521965558
regime_shift,5,2,combined_axes_logit,C=1,0.0407026841554898
regime_shift,5,2,combined_axes_logit,C=10,0.040697342989849
regime_shift,5,2,hist_gradient_boosting,fixed_constrained_tree,0.0415481360349387
regime_shift,5,3,profitability_logit,C=0.01,0.0337595771511155
regime_shift,5,3,profitability_logit,C=0.1,0.0338071552874845
regime_shift,5,3,profitability_logit,C=1,0.0338147438537806
regime_shift,5,3,profitability_logit,C=10,0.0338155545303817
regime_shift,5,3,distress_logit,C=0.01,0.0337556265123104
regime_shift,5,3,distress_logit,C=0.1,0.0338498429764121
regime_shift,5,3,distress_logit,C=1,0.0338753569652248
regime_shift,5,3,distress_logit,C=10,0.0338792415484542
regime_shift,5,3,industry_rate,sic2_smoothed_rate,0.0338715269686384
regime_shift,5,3,occupied_cell_rate,training_tertile_729_cell_rate,0.0341226256363765
regime_shift,5,3,relative_axes_logit,C=0.01,0.033732112027364
regime_shift,5,3,relative_axes_logit,C=0.1,0.0337734537257408
regime_shift,5,3,relative_axes_logit,C=1,0.033781394388633
regime_shift,5,3,relative_axes_logit,C=10,0.0337822654446358
regime_shift,5,3,combined_axes_logit,C=0.01,0.0337566192189576
regime_shift,5,3,combined_axes_logit,C=0.1,0.0337970878662999
regime_shift,5,3,combined_axes_logit,C=1,0.0338127741670096
regime_shift,5,3,combined_axes_logit,C=10,0.0338153165642589
regime_shift,5,3,hist_gradient_boosting,fixed_constrained_tree,0.0345629648571466
regime_shift,5,4,profitability_logit,C=0.01,0.0300296948317173
regime_shift,5,4,profitability_logit,C=0.1,0.0300351676110181
regime_shift,5,4,profitability_logit,C=1,0.0300357970237462
regime_shift,5,4,profitability_logit,C=10,0.0300358627512157
regime_shift,5,4,distress_logit,C=0.01,0.0300381960629699
regime_shift,5,4,distress_logit,C=0.1,0.0300639288451795
regime_shift,5,4,distress_logit,C=1,0.0300671059510377
regime_shift,5,4,distress_logit,C=10,0.0300677382044502
regime_shift,5,4,industry_rate,sic2_smoothed_rate,0.0300707349407832
regime_shift,5,4,occupied_cell_rate,training_tertile_729_cell_rate,0.0302794914106907
regime_shift,5,4,relative_axes_logit,C=0.01,0.0299162954965064
regime_shift,5,4,relative_axes_logit,C=0.1,0.0299024646780719
regime_shift,5,4,relative_axes_logit,C=1,0.029900759426478
regime_shift,5,4,relative_axes_logit,C=10,0.0299005836376632
regime_shift,5,4,combined_axes_logit,C=0.01,0.0299446730036058
regime_shift,5,4,combined_axes_logit,C=0.1,0.0299852413411201
regime_shift,5,4,combined_axes_logit,C=1,0.0300186462949981
regime_shift,5,4,combined_axes_logit,C=10,0.0300245696874683
regime_shift,5,4,hist_gradient_boosting,fixed_constrained_tree,0.030324648729387
